publication_title,title_url,author,access_type,source_domain,print_identifier,online_identifier,date_first_issue_online,num_first_vol_online,num_first_issue_online,date_last_issue_online,num_last_vol_online,num_last_issue_online,coverage_depth,publication_type,date_monograph_published_print,date_monograph_published_online,embargo_info
IIJA FGM presentation,https://calsta.ca.gov/-/media/calsta-media/documents/01262022_iija_wgmting_fgm_slides-a11y.pdf,California Department of Transportation,free,calsta.ca.gov,,,,,,,,,,,,,
California Multimodal Freight Network Framework (FGM SWG),https://calsta.ca.gov/-/media/calsta-media/documents/02172022_mtg2_fgmswg_ca_frntwk_draft_final-a11y.pdf,California Department of Transportation,free,calsta.ca.gov,,,,,,,,,,,,,
TIRCP Cycle 7: Frequently Asked Questions,https://calsta.ca.gov/-/media/calsta-media/documents/20240612-tircp_faq_final-a11y.pdf,California Department of Transportation,free,calsta.ca.gov,,,,,,,,,,,,,
Draft CAPTI Spring Stakeholder Workshop,https://calsta.ca.gov/-/media/calsta-media/documents/21-0318_capti_workshop_summary_final.pdf,California Department of Transportation,free,calsta.ca.gov,,,,,,,,,,,,2021,
BCAG TIRCP/ZETCP Allocation Package -Narrative,https://calsta.ca.gov/-/media/calsta-media/documents/bcag_a11y.pdf,California Department of Transportation,free,calsta.ca.gov,,,,,,,,,,,,,
Calaveras County - California State Transportation Agency,https://calsta.ca.gov/-/media/calsta-media/documents/calaveras_a11y.pdf,California Department of Transportation,free,calsta.ca.gov,,,,,,,,,,,,,
CalSTA FPPC Form 801 Japan Trip March 2023 - signed,https://calsta.ca.gov/-/media/calsta-media/documents/calsta_fppc_form_801_japan_trip_2023_p1-a11y.pdf,California Department of Transportation,free,calsta.ca.gov,,,,,,,,,,,,2023,
CalSTA 2024-2026 Strategic Plan (1-Page),https://calsta.ca.gov/-/media/calsta-media/documents/calsta_sp_one-pager_final-a11y.pdf,California Department of Transportation,free,calsta.ca.gov,,,,,,,,,,,,,
CalSTA Transit Transformation Task Force (TTTF) Meeting 3,https://calsta.ca.gov/-/media/calsta-media/documents/calsta_tttf_meeting_3_presentation_final-a11y.pdf,California Department of Transportation,free,calsta.ca.gov,,,,,,,,,,,,,
Leadership Accountability Report,https://calsta.ca.gov/-/media/calsta-media/documents/calsta-slaa-report-a11y.pdf,California Department of Transportation,free,calsta.ca.gov,,,,,,,,,,,,2021,
State Rail Assistance Project Concept Proposals,https://calsta.ca.gov/-/media/calsta-media/documents/caltrans-sra-project-concepts.pdf,California Department of Transportation,free,calsta.ca.gov,,,,,,,,,,,,,
CAPTI: Climate Action Plan for Transportation Infrastructure,https://calsta.ca.gov/-/media/calsta-media/documents/capti-2021-calsta.pdf,California Department of Transportation,free,calsta.ca.gov,,,,,,,,,,,,,
CAPTI Comment Letter - California State Transportation Agency,https://calsta.ca.gov/-/media/calsta-media/documents/capti-comment-letter.pdf,California Department of Transportation,free,calsta.ca.gov,,,,,,,,,,,,,
tl- StanCOG - ~ Stanislaus Council of Governments,https://calsta.ca.gov/-/media/calsta-media/documents/capti-stancog-letter_final.pdf,California Department of Transportation,free,calsta.ca.gov,,,,,,,,,,,,,
Secretary David Kim - California State Transportation Agency,https://calsta.ca.gov/-/media/calsta-media/documents/capti-support-letterdocx.pdf,California Department of Transportation,free,calsta.ca.gov,,,,,,,,,,,,,
Via Transportation Inc. letter to CAPTI working group,https://calsta.ca.gov/-/media/calsta-media/documents/capti-via-comments.pdf,California Department of Transportation,free,calsta.ca.gov,,,,,,,,,,,,,
Federal Reconnecting Communities Pilot Program Factsheet,https://calsta.ca.gov/-/media/calsta-media/documents/fed_reconnecting_communities_factsheet_a11y.pdf,California Department of Transportation,free,calsta.ca.gov,,,,,,,,,,,,,
SRA Final Amended Guidelines 2020-21 through 2024-25,https://calsta.ca.gov/-/media/calsta-media/documents/final_amended_sra_guidelines_2019-12-31_a11y.pdf,California Department of Transportation,free,calsta.ca.gov,,,,,,,,,,,,2019,
Autonomous Vehicles Strategic Framework,https://calsta.ca.gov/-/media/calsta-media/documents/final_avsf_visionguidingprinciples-a11y.pdf,California Department of Transportation,free,calsta.ca.gov,,,,,,,,,,,,,
Transportation and Housing Coordination Workgroup Charter,https://calsta.ca.gov/-/media/calsta-media/documents/htchartersigned06192024a11y.pdf,California Department of Transportation,free,calsta.ca.gov,,,,,,,,,,,,,
iija equity sub- working group,https://calsta.ca.gov/-/media/calsta-media/documents/iija_kickoff-meetingpacket_031022-a11y.pdf,California Department of Transportation,free,calsta.ca.gov,,,,,,,,,,,,,
Safety Subgroup presentation slides,https://calsta.ca.gov/-/media/calsta-media/documents/iija_safety-subgroup-a11y.pdf,California Department of Transportation,free,calsta.ca.gov,,,,,,,,,,,,,
IIJA Reimagining Highway Investments Sub-Working Group,https://calsta.ca.gov/-/media/calsta-media/documents/iija-rhi-meeting3_20220722_presentation_a11y.pdf,California Department of Transportation,free,calsta.ca.gov,,,,,,,,,,,,,
"Carbon Reduction Program - October 19, 2022",https://calsta.ca.gov/-/media/calsta-media/documents/iija-rhi-meeting4_20221019_notes_a11y.pdf,California Department of Transportation,free,calsta.ca.gov,,,,,,,,,,,,,
IIJA Sub Working Group,https://calsta.ca.gov/-/media/calsta-media/documents/iija-subworkinggroup_ally.pdf,California Department of Transportation,free,calsta.ca.gov,,,,,,,,,,,,,
IIJA Transit and Commuter Rail,https://calsta.ca.gov/-/media/calsta-media/documents/iija-transitcommrail_ally.pdf,California Department of Transportation,free,calsta.ca.gov,,,,,,,,,,,,,
Kings County Association of Governments,https://calsta.ca.gov/-/media/calsta-media/documents/kings_a11y.pdf,California Department of Transportation,free,calsta.ca.gov,,,,,,,,,,,,,
LA Metro Allocation Package,https://calsta.ca.gov/-/media/calsta-media/documents/lametro_a11y.pdf,California Department of Transportation,free,calsta.ca.gov,,,,,,,,,,,,,
SB 125 TIRCP & ZETCP Allocation Package Narrative,https://calsta.ca.gov/-/media/calsta-media/documents/lassen_a11y.pdf,California Department of Transportation,free,calsta.ca.gov,,,,,,,,,,,,,
Madera County,https://calsta.ca.gov/-/media/calsta-media/documents/maderacounty_a11y.pdf,California Department of Transportation,free,calsta.ca.gov,,,,,,,,,,,,,
Short-term Financial Plan for the San Francisco Bay Area,https://calsta.ca.gov/-/media/calsta-media/documents/mtc_a11y.pdf,California Department of Transportation,free,calsta.ca.gov,,,,,,,,,,,,,
OCTA SB 125 TIRCP & ZETCP Allocation Package,https://calsta.ca.gov/-/media/calsta-media/documents/octa_a11y.pdf,California Department of Transportation,free,calsta.ca.gov,,,,,,,,,,,,2023,
PCTPA SB 125 Initial Allocation Request Package_12-29-23,https://calsta.ca.gov/-/media/calsta-media/documents/placer_a11y.pdf,California Department of Transportation,free,calsta.ca.gov,,,,,,,,,,,,,
California State Transportation Agency Privacy Policy,https://calsta.ca.gov/-/media/calsta-media/documents/privacy-policy-calsta.pdf,California Department of Transportation,free,calsta.ca.gov,,,,,,,,,,,,,
SB 125 Formula-Based TIRCP & ZETCP Allocation Package,https://calsta.ca.gov/-/media/calsta-media/documents/rctc_a11y.pdf,California Department of Transportation,free,calsta.ca.gov,,,,,,,,,,,,2023,
Governor's Reorganization Plan No. 2 of 2012,https://calsta.ca.gov/-/media/calsta-media/documents/reorganization-plan-a11y.pdf,California Department of Transportation,free,calsta.ca.gov,,,,,,,,,,,,,
SACOG SB 125 Allocation Package,https://calsta.ca.gov/-/media/calsta-media/documents/sacog_a11y.pdf,California Department of Transportation,free,calsta.ca.gov,,,,,,,,,,,,,
Considerations for Speed Limits and Management,https://calsta.ca.gov/-/media/calsta-media/documents/safetrec_grembek_ab2363_06252019-a11y.pdf,California Department of Transportation,free,calsta.ca.gov,,,,,,,,,,,,,
SB 125 Cover Letter,https://calsta.ca.gov/-/media/calsta-media/documents/sandag_a11y.pdf,California Department of Transportation,free,calsta.ca.gov,,,,,,,,,,,,,
SB 125 Final Guidelines,https://calsta.ca.gov/-/media/calsta-media/documents/sb125-disbursement_1_with-projects_a11y.pdf,California Department of Transportation,free,calsta.ca.gov,,,,,,,,,,,,,
IAP.B-Initial Allocation Package_Narrative,https://calsta.ca.gov/-/media/calsta-media/documents/sbcta_a11y.pdf,California Department of Transportation,free,calsta.ca.gov,,,,,,,,,,,,,
LA/San Diego Regional Rail Corridor WG final report,https://calsta.ca.gov/-/media/calsta-media/documents/sdregrailcorridorfinalreportfinala11y.pdf,California Department of Transportation,free,calsta.ca.gov,,,,,,,,,,,,,
Allocation Package Narrative,https://calsta.ca.gov/-/media/calsta-media/documents/shasta_a11y.pdf,California Department of Transportation,free,calsta.ca.gov,,,,,,,,,,,,,
"SHSP Vision, Mission & Objective",https://calsta.ca.gov/-/media/calsta-media/documents/shsp_overview-a11y.pdf,California Department of Transportation,free,calsta.ca.gov,,,,,,,,,,,,,
"SB-1 State Rail Assistance Program (as of May 24, 2024)",https://calsta.ca.gov/-/media/calsta-media/documents/sra_approved_applications_update__20240524_final-a11y.pdf,California Department of Transportation,free,calsta.ca.gov,,,,,,,,,,,,,
State Investment in Northern California Rail Transit Projects,https://calsta.ca.gov/-/media/calsta-media/documents/state_investment_northern_california-a11y.pdf,California Department of Transportation,free,calsta.ca.gov,,,,,,,,,,,,,
State Investment in Southern California Rail Transit Projects,https://calsta.ca.gov/-/media/calsta-media/documents/state_investment_southern_california-a11y.pdf,California Department of Transportation,free,calsta.ca.gov,,,,,,,,,,,,,
Transportation Agency for Monterey County,https://calsta.ca.gov/-/media/calsta-media/documents/tamc_a11y.pdf,California Department of Transportation,free,calsta.ca.gov,,,,,,,,,,,,,
TUOlUMNE COUNTY TRANSPORTATION COUNCll,https://calsta.ca.gov/-/media/calsta-media/documents/tctc_capti-comments.pdf,California Department of Transportation,free,calsta.ca.gov,,,,,,,,,,,,,
"TIRCP Cycle 7 Final Guidelines - April 30, 2024",https://calsta.ca.gov/-/media/calsta-media/documents/tircp_cycle_7_final-guidelines_20240426_a11y.pdf,California Department of Transportation,free,calsta.ca.gov,,,,,,,,,,,,,
TIRCP Cycle 7 Final Guidelines Comparison (04/26/2024),https://calsta.ca.gov/-/media/calsta-media/documents/tircp_cycle_7_guidelines_comparison-20240426_a11y.pdf,California Department of Transportation,free,calsta.ca.gov,,,,,,,,,,,,,
TIRCP Pre Application FAQs,https://calsta.ca.gov/-/media/calsta-media/documents/tircp_pre_application_meetings_common_themes_faqs_final_11_27_19.pdf,California Department of Transportation,free,calsta.ca.gov,,,,,,,,,,,,2019,
2020 Transit and Intercity Rail Capital Program Guidelines,https://calsta.ca.gov/-/media/calsta-media/documents/tircp-2020-final-guidelines.pdf,California Department of Transportation,free,calsta.ca.gov,,,,,,,,,,,,,
TIRCP Cycle 7 Guidelines Workshop (NorCal),https://calsta.ca.gov/-/media/calsta-media/documents/tircpcycle7guidelinesworkshopnorcalfinala11y.pdf,California Department of Transportation,free,calsta.ca.gov,,,,,,,,,,,,,
Transit and Intercity Rail Capital Program (TIRCP) Cycle 7,https://calsta.ca.gov/-/media/calsta-media/documents/tircpcycle7guidelinesworkshopsocalfinala11y.pdf,California Department of Transportation,free,calsta.ca.gov,,,,,,,,,,,,,
Transit Transformation Task Force Meeting #4 Information,https://calsta.ca.gov/-/media/calsta-media/documents/transit_transformation_task_force_meeting_4_information-a11y.pdf,California Department of Transportation,free,calsta.ca.gov,,,,,,,,,,,,,
Transit Transformation Task Force Meetings #6 and #7,https://calsta.ca.gov/-/media/calsta-media/documents/transit_transformation_task_force_meetings_6_and_7_meeting_start_and_end_time_adjustments-a11y.pdf,California Department of Transportation,free,calsta.ca.gov,,,,,,,,,,,,,
Transit Transformation Task Force Welcome Email,https://calsta.ca.gov/-/media/calsta-media/documents/transittransformationtaskforcewelcomeemail_a11y.pdf,California Department of Transportation,free,calsta.ca.gov,,,,,,,,,,,,2023,
TTTF Meeting #5 Recommendations - Staff Report - Final,https://calsta.ca.gov/-/media/calsta-media/documents/tttf_5_recommendations_staff_report_final-a11y.pdf,California Department of Transportation,free,calsta.ca.gov,,,,,,,,,,,,,
"TTTF Meeting #5 Agenda - Final - August 29, 2024",https://calsta.ca.gov/-/media/calsta-media/documents/tttf_meeting_5_final_agenda-a11y.pdf,California Department of Transportation,free,calsta.ca.gov,,,,,,,,,,,,2024,
TTTF Meeting #6 Agenda (DRAFT),https://calsta.ca.gov/-/media/calsta-media/documents/tttf_meeting_6_draft_agenda_final-a11y.pdf,California Department of Transportation,free,calsta.ca.gov,,,,,,,,,,,,,
Transit Transformation Task Force #5 Homework Notice,https://calsta.ca.gov/-/media/calsta-media/documents/tttf5_homework_a11y.pdf,California Department of Transportation,free,calsta.ca.gov,,,,,,,,,,,,,
Transit Transformation Task Force (TTTF) - Meeting #3,https://calsta.ca.gov/-/media/calsta-media/documents/tttfworkshop34152024meetingminutesapproveda11y.pdf,California Department of Transportation,free,calsta.ca.gov,,,,,,,,,,,,,
